0.00000000,1.00000000,-1.00000000,8.00000000
0.00500000,0.99509980,-0.96012222,7.95111111
0.01000000,0.99039837,-0.92048889,7.90222222
0.01500000,0.98589450,-0.88110000,7.85333333
0.02000000,0.98158696,-0.84195556,7.80444444
0.02500000,0.97747454,-0.80305556,7.75555556
0.03000000,0.97355600,-0.76440000,7.70666667
0.03500000,0.96983013,-0.72598889,7.65777778
0.04000000,0.96629570,-0.68782222,7.60888889
0.04500000,0.96295150,-0.64990000,7.56000000
0.05000000,0.95979630,-0.61222222,7.51111111
0.05500000,0.95682887,-0.57478889,7.46222222
0.06000000,0.95404800,-0.53760000,7.41333333
0.06500000,0.95145246,-0.50065556,7.36444444
0.07000000,0.94904104,-0.46395556,7.31555556
0.07500000,0.94681250,-0.42750000,7.26666667
0.08000000,0.94476563,-0.39128889,7.21777778
0.08500000,0.94289920,-0.35532222,7.16888889
0.09000000,0.94121200,-0.31960000,7.12000000
0.09500000,0.93970280,-0.28412222,7.07111111
0.10000000,0.93837037,-0.24888889,7.02222222
0.10500000,0.93721350,-0.21390000,6.97333333
0.11000000,0.93623096,-0.17915556,6.92444444
0.11500000,0.93542154,-0.14465556,6.87555556
0.12000000,0.93478400,-0.11040000,6.82666667
0.12500000,0.93431713,-0.07638889,6.77777778
0.13000000,0.93401970,-0.04262222,6.72888889
0.13500000,0.93389050,-0.00910000,6.68000000
0.14000000,0.93392830,0.02417778,6.63111111
0.14500000,0.93413187,0.05721111,6.58222222
0.15000000,0.93450000,0.09000000,6.53333333
0.15500000,0.93503146,0.12254444,6.48444444
0.16000000,0.93572504,0.15484444,6.43555556
0.16500000,0.93657950,0.18690000,6.38666667
0.17000000,0.93759363,0.21871111,6.33777778
0.17500000,0.93876620,0.25027778,6.28888889
0.18000000,0.94009600,0.28160000,6.24000000
0.18500000,0.94158180,0.31267778,6.19111111
0.19000000,0.94322237,0.34351111,6.14222222
0.19500000,0.94501650,0.37410000,6.09333333
0.20000000,0.94696296,0.40444444,6.04444444
0.20500000,0.94906054,0.43454444,5.99555556
0.21000000,0.95130800,0.46440000,5.94666667
0.21500000,0.95370413,0.49401111,5.89777778
0.22000000,0.95624770,0.52337778,5.84888889
0.22500000,0.95893750,0.55250000,5.80000000
0.23000000,0.96177230,0.58137778,5.75111111
0.23500000,0.96475087,0.61001111,5.70222222
0.24000000,0.96787200,0.63840000,5.65333333
0.24500000,0.97113446,0.66654444,5.60444444
0.25000000,0.97453704,0.69444444,5.55555556
0.25500000,0.97807850,0.72210000,5.50666667
0.26000000,0.98175763,0.74951111,5.45777778
0.26500000,0.98557320,0.77667778,5.40888889
0.27000000,0.98952400,0.80360000,5.36000000
0.27500000,0.99360880,0.83027778,5.31111111
0.28000000,0.99782637,0.85671111,5.26222222
0.28500000,1.00217550,0.88290000,5.21333333
0.29000000,1.00665496,0.90884444,5.16444444
0.29500000,1.01126354,0.93454444,5.11555556
0.30000000,1.01600000,0.96000000,5.06666667
0.30500000,1.02086313,0.98521111,5.01777778
0.31000000,1.02585170,1.01017778,4.96888889
0.31500000,1.03096450,1.03490000,4.92000000
0.32000000,1.03620030,1.05937778,4.87111111
0.32500000,1.04155787,1.08361111,4.82222222
0.33000000,1.04703600,1.10760000,4.77333333
0.33500000,1.05263346,1.13134444,4.72444444
0.34000000,1.05834904,1.15484444,4.67555556
0.34500000,1.06418150,1.17810000,4.62666667
0.35000000,1.07012963,1.20111111,4.57777778
0.35500000,1.07619220,1.22387778,4.52888889
0.36000000,1.08236800,1.24640000,4.48000000
0.36500000,1.08865580,1.26867778,4.43111111
0.37000000,1.09505437,1.29071111,4.38222222
0.37500000,1.10156250,1.31250000,4.33333333
0.38000000,1.10817896,1.33404444,4.28444444
0.38500000,1.11490254,1.35534444,4.23555556
0.39000000,1.12173200,1.37640000,4.18666667
0.39500000,1.12866613,1.39721111,4.13777778
0.40000000,1.13570370,1.41777778,4.08888889
0.40500000,1.14284350,1.43810000,4.04000000
0.41000000,1.15008430,1.45817778,3.99111111
0.41500000,1.15742487,1.47801111,3.94222222
0.42000000,1.16486400,1.49760000,3.89333333
0.42500000,1.17240046,1.51694444,3.84444444
0.43000000,1.18003304,1.53604444,3.79555556
0.43500000,1.18776050,1.55490000,3.74666667
0.44000000,1.19558163,1.57351111,3.69777778
0.44500000,1.20349520,1.59187778,3.64888889
0.45000000,1.21150000,1.61000000,3.60000000
0.45500000,1.21959480,1.62787778,3.55111111
0.46000000,1.22777837,1.64551111,3.50222222
0.46500000,1.23604950,1.66290000,3.45333333
0.47000000,1.24440696,1.68004444,3.40444444
0.47500000,1.25284954,1.69694444,3.35555556
0.48000000,1.26137600,1.71360000,3.30666667
0.48500000,1.26998513,1.73001111,3.25777778
0.49000000,1.27867570,1.74617778,3.20888889
0.49500000,1.28744650,1.76210000,3.16000000
0.50000000,1.29629630,1.77777778,3.11111111
0.50500000,1.30522387,1.79321111,3.06222222
0.51000000,1.31422800,1.80840000,3.01333333
0.51500000,1.32330746,1.82334444,2.96444444
0.52000000,1.33246104,1.83804444,2.91555556
0.52500000,1.34168750,1.85250000,2.86666667
0.53000000,1.35098563,1.86671111,2.81777778
0.53500000,1.36035420,1.88067778,2.76888889
0.54000000,1.36979200,1.89440000,2.72000000
0.54500000,1.37929780,1.90787778,2.67111111
0.55000000,1.38887037,1.92111111,2.62222222
0.55500000,1.39850850,1.93410000,2.57333333
0.56000000,1.40821096,1.94684444,2.52444444
0.56500000,1.41797654,1.95934444,2.47555556
0.57000000,1.42780400,1.97160000,2.42666667
0.57500000,1.43769213,1.98361111,2.37777778
0.58000000,1.44763970,1.99537778,2.32888889
0.58500000,1.45764550,2.00690000,2.28000000
0.59000000,1.46770830,2.01817778,2.23111111
0.59500000,1.47782687,2.02921111,2.18222222
0.60000000,1.48800000,2.04000000,2.13333333
0.60500000,1.49822646,2.05054444,2.08444444
0.61000000,1.50850504,2.06084444,2.03555556
0.61500000,1.51883450,2.07090000,1.98666667
0.62000000,1.52921363,2.08071111,1.93777778
0.62500000,1.53964120,2.09027778,1.88888889
0.63000000,1.55011600,2.09960000,1.84000000
0.63500000,1.56063680,2.10867778,1.79111111
0.64000000,1.57120237,2.11751111,1.74222222
0.64500000,1.58181150,2.12610000,1.69333333
0.65000000,1.59246296,2.13444444,1.64444444
0.65500000,1.60315554,2.14254444,1.59555556
0.66000000,1.61388800,2.15040000,1.54666667
0.66500000,1.62465913,2.15801111,1.49777778
0.67000000,1.63546770,2.16537778,1.44888889
0.67500000,1.64631250,2.17250000,1.40000000
0.68000000,1.65719230,2.17937778,1.35111111
0.68500000,1.66810587,2.18601111,1.30222222
0.69000000,1.67905200,2.19240000,1.25333333
0.69500000,1.69002946,2.19854444,1.20444444
0.70000000,1.70103704,2.20444444,1.15555556
0.70500000,1.71207350,2.21010000,1.10666667
0.71000000,1.72313763,2.21551111,1.05777778
0.71500000,1.73422820,2.22067778,1.00888889
0.72000000,1.74534400,2.22560000,0.96000000
0.72500000,1.75648380,2.23027778,0.91111111
0.73000000,1.76764637,2.23471111,0.86222222
0.73500000,1.77883050,2.23890000,0.81333333
0.74000000,1.79003496,2.24284444,0.76444444
0.74500000,1.80125854,2.24654444,0.71555556
0.75000000,1.81250000,2.25000000,0.66666667
0.75500000,1.82375813,2.25321111,0.61777778
0.76000000,1.83503170,2.25617778,0.56888889
0.76500000,1.84631950,2.25890000,0.52000000
0.77000000,1.85762030,2.26137778,0.47111111
0.77500000,1.86893287,2.26361111,0.42222222
0.78000000,1.88025600,2.26560000,0.37333333
0.78500000,1.89158846,2.26734444,0.32444444
0.79000000,1.90292904,2.26884444,0.27555556
0.79500000,1.91427650,2.27010000,0.22666667
0.80000000,1.92562963,2.27111111,0.17777778
0.80500000,1.93698720,2.27187778,0.12888889
0.81000000,1.94834800,2.27240000,0.08000000
0.81500000,1.95971080,2.27267778,0.03111111
0.82000000,1.97107437,2.27271111,-0.01777778
0.82500000,1.98243750,2.27250000,-0.06666667
0.83000000,1.99379896,2.27204444,-0.11555556
0.83500000,2.00515754,2.27134444,-0.16444444
0.84000000,2.01651200,2.27040000,-0.21333333
0.84500000,2.02786113,2.26921111,-0.26222222
0.85000000,2.03920370,2.26777778,-0.31111111
0.85500000,2.05053850,2.26610000,-0.36000000
0.86000000,2.06186430,2.26417778,-0.40888889
0.86500000,2.07317987,2.26201111,-0.45777778
0.87000000,2.08448400,2.25960000,-0.50666667
0.87500000,2.09577546,2.25694444,-0.55555556
0.88000000,2.10705304,2.25404444,-0.60444444
0.88500000,2.11831550,2.25090000,-0.65333333
0.89000000,2.12956163,2.24751111,-0.70222222
0.89500000,2.14079020,2.24387778,-0.75111111
0.90000000,2.15200000,2.24000000,-0.80000000
0.90500000,2.16318980,2.23587778,-0.84888889
0.91000000,2.17435837,2.23151111,-0.89777778
0.91500000,2.18550450,2.22690000,-0.94666667
0.92000000,2.19662696,2.22204444,-0.99555556
0.92500000,2.20772454,2.21694444,-1.04444444
0.93000000,2.21879600,2.21160000,-1.09333333
0.93500000,2.22984013,2.20601111,-1.14222222
0.94000000,2.24085570,2.20017778,-1.19111111
0.94500000,2.25184150,2.19410000,-1.24000000
0.95000000,2.26279630,2.18777778,-1.28888889
0.95500000,2.27371887,2.18121111,-1.33777778
0.96000000,2.28460800,2.17440000,-1.38666667
0.96500000,2.29546246,2.16734444,-1.43555556
0.97000000,2.30628104,2.16004444,-1.48444444
0.97500000,2.31706250,2.15250000,-1.53333333
0.98000000,2.32780563,2.14471111,-1.58222222
0.98500000,2.33850920,2.13667778,-1.63111111
0.99000000,2.34917200,2.12840000,-1.68000000
0.99500000,2.35979280,2.11987778,-1.72888889
1.00000000,2.37037037,2.11111111,-1.77777778
1.00500000,2.38090350,2.10210000,-1.82666667
1.01000000,2.39139096,2.09284444,-1.87555556
1.01500000,2.40183154,2.08334444,-1.92444444
1.02000000,2.41222400,2.07360000,-1.97333333
1.02500000,2.42256713,2.06361111,-2.02222222
1.03000000,2.43285970,2.05337778,-2.07111111
1.03500000,2.44310050,2.04290000,-2.12000000
1.04000000,2.45328830,2.03217778,-2.16888889
1.04500000,2.46342187,2.02121111,-2.21777778
1.05000000,2.47350000,2.01000000,-2.26666667
1.05500000,2.48352146,1.99854444,-2.31555556
1.06000000,2.49348504,1.98684444,-2.36444444
1.06500000,2.50338950,1.97490000,-2.41333333
1.07000000,2.51323363,1.96271111,-2.46222222
1.07500000,2.52301620,1.95027778,-2.51111111
1.08000000,2.53273600,1.93760000,-2.56000000
1.08500000,2.54239180,1.92467778,-2.60888889
1.09000000,2.55198237,1.91151111,-2.65777778
1.09500000,2.56150650,1.89810000,-2.70666667
1.10000000,2.57096296,1.88444444,-2.75555556
1.10500000,2.58035054,1.87054444,-2.80444444
1.11000000,2.58966800,1.85640000,-2.85333333
1.11500000,2.59891413,1.84201111,-2.90222222
1.12000000,2.60808770,1.82737778,-2.95111111
1.12500000,2.61718750,1.81250000,-3.00000000
1.13000000,2.62621230,1.79737778,-3.04888889
1.13500000,2.63516087,1.78201111,-3.09777778
1.14000000,2.64403200,1.76640000,-3.14666667
1.14500000,2.65282446,1.75054444,-3.19555556
1.15000000,2.66153704,1.73444444,-3.24444444
1.15500000,2.67016850,1.71810000,-3.29333333
1.16000000,2.67871763,1.70151111,-3.34222222
1.16500000,2.68718320,1.68467778,-3.39111111
1.17000000,2.69556400,1.66760000,-3.44000000
1.17500000,2.70385880,1.65027778,-3.48888889
1.18000000,2.71206637,1.63271111,-3.53777778
1.18500000,2.72018550,1.61490000,-3.58666667
1.19000000,2.72821496,1.59684444,-3.63555556
1.19500000,2.73615354,1.57854444,-3.68444444
1.20000000,2.74400000,1.56000000,-3.73333333
1.20500000,2.75175313,1.54121111,-3.78222222
1.21000000,2.75941170,1.52217778,-3.83111111
1.21500000,2.76697450,1.50290000,-3.88000000
1.22000000,2.77444030,1.48337778,-3.92888889
1.22500000,2.78180787,1.46361111,-3.97777778
1.23000000,2.78907600,1.44360000,-4.02666667
1.23500000,2.79624346,1.42334444,-4.07555556
1.24000000,2.80330904,1.40284444,-4.12444444
1.24500000,2.81027150,1.38210000,-4.17333333
1.25000000,2.81712963,1.36111111,-4.22222222
1.25500000,2.82388220,1.33987778,-4.27111111
1.26000000,2.83052800,1.31840000,-4.32000000
1.26500000,2.83706580,1.29667778,-4.36888889
1.27000000,2.84349437,1.27471111,-4.41777778
1.27500000,2.84981250,1.25250000,-4.46666667
1.28000000,2.85601896,1.23004444,-4.51555556
1.28500000,2.86211254,1.20734444,-4.56444444
1.29000000,2.86809200,1.18440000,-4.61333333
1.29500000,2.87395613,1.16121111,-4.66222222
1.30000000,2.87970370,1.13777778,-4.71111111
1.30500000,2.88533350,1.11410000,-4.76000000
1.31000000,2.89084430,1.09017778,-4.80888889
1.31500000,2.89623487,1.06601111,-4.85777778
1.32000000,2.90150400,1.04160000,-4.90666667
1.32500000,2.90665046,1.01694444,-4.95555556
1.33000000,2.91167304,0.99204444,-5.00444444
1.33500000,2.91657050,0.96690000,-5.05333333
1.34000000,2.92134163,0.94151111,-5.10222222
1.34500000,2.92598520,0.91587778,-5.15111111
1.35000000,2.93050000,0.89000000,-5.20000000
1.35500000,2.93488480,0.86387778,-5.24888889
1.36000000,2.93913837,0.83751111,-5.29777778
1.36500000,2.94325950,0.81090000,-5.34666667
1.37000000,2.94724696,0.78404444,-5.39555556
1.37500000,2.95109954,0.75694444,-5.44444444
1.38000000,2.95481600,0.72960000,-5.49333333
1.38500000,2.95839513,0.70201111,-5.54222222
1.39000000,2.96183570,0.67417778,-5.59111111
1.39500000,2.96513650,0.64610000,-5.64000000
1.40000000,2.96829630,0.61777778,-5.68888889
1.40500000,2.97131387,0.58921111,-5.73777778
1.41000000,2.97418800,0.56040000,-5.78666667
1.41500000,2.97691746,0.53134444,-5.83555556
1.42000000,2.97950104,0.50204444,-5.88444444
1.42500000,2.98193750,0.47250000,-5.93333333
1.43000000,2.98422563,0.44271111,-5.98222222
1.43500000,2.98636420,0.41267778,-6.03111111
1.44000000,2.98835200,0.38240000,-6.08000000
1.44500000,2.99018780,0.35187778,-6.12888889
1.45000000,2.99187037,0.32111111,-6.17777778
1.45500000,2.99339850,0.29010000,-6.22666667
1.46000000,2.99477096,0.25884444,-6.27555556
1.46500000,2.99598654,0.22734444,-6.32444444
1.47000000,2.99704400,0.19560000,-6.37333333
1.47500000,2.99794213,0.16361111,-6.42222222
1.48000000,2.99867970,0.13137778,-6.47111111
1.48500000,2.99925550,0.09890000,-6.52000000
1.49000000,2.99966830,0.06617778,-6.56888889
1.49500000,2.99991687,0.03321111,-6.61777778
1.50000000,3.00000000,0.00000000,-6.66666667
