0.00000000,-1.00000000,0.00000000,-1.82642928
0.00500000,-1.00002272,-0.00906366,-1.79903284
0.01000000,-1.00009041,-0.01799033,-1.77163640
0.01500000,-1.00020239,-0.02678002,-1.74423996
0.02000000,-1.00035798,-0.03543273,-1.71684352
0.02500000,-1.00055649,-0.04394845,-1.68944708
0.03000000,-1.00079724,-0.05232720,-1.66205064
0.03500000,-1.00107953,-0.06056896,-1.63465420
0.04000000,-1.00140270,-0.06867374,-1.60725776
0.04500000,-1.00176604,-0.07664154,-1.57986132
0.05000000,-1.00216888,-0.08447235,-1.55246488
0.05500000,-1.00261054,-0.09216619,-1.52506845
0.06000000,-1.00309032,-0.09972304,-1.49767201
0.06500000,-1.00360754,-0.10714291,-1.47027557
0.07000000,-1.00416152,-0.11442579,-1.44287913
0.07500000,-1.00475157,-0.12157170,-1.41548269
0.08000000,-1.00537701,-0.12858062,-1.38808625
0.08500000,-1.00603715,-0.13545256,-1.36068981
0.09000000,-1.00673131,-0.14218752,-1.33329337
0.09500000,-1.00745879,-0.14878549,-1.30589693
0.10000000,-1.00821893,-0.15524649,-1.27850049
0.10500000,-1.00901103,-0.16157050,-1.25110405
0.11000000,-1.00983441,-0.16775753,-1.22370761
0.11500000,-1.01068838,-0.17380758,-1.19631118
0.12000000,-1.01157226,-0.17972064,-1.16891474
0.12500000,-1.01248536,-0.18549672,-1.14151830
0.13000000,-1.01342699,-0.19113582,-1.11412186
0.13500000,-1.01439649,-0.19663794,-1.08672542
0.14000000,-1.01539315,-0.20200308,-1.05932898
0.14500000,-1.01641629,-0.20723123,-1.03193254
0.15000000,-1.01746523,-0.21232240,-1.00453610
0.15500000,-1.01853928,-0.21727659,-0.97713966
0.16000000,-1.01963777,-0.22209380,-0.94974322
0.16500000,-1.02075999,-0.22677402,-0.92234678
0.17000000,-1.02190528,-0.23131727,-0.89495035
0.17500000,-1.02307294,-0.23572353,-0.86755391
0.18000000,-1.02426229,-0.23999281,-0.84015747
0.18500000,-1.02547264,-0.24412510,-0.81276103
0.19000000,-1.02670331,-0.24812042,-0.78536459
0.19500000,-1.02795361,-0.25197875,-0.75796815
0.20000000,-1.02922287,-0.25570010,-0.73057171
0.20500000,-1.03051039,-0.25928447,-0.70317527
0.21000000,-1.03181548,-0.26273185,-0.67577883
0.21500000,-1.03313748,-0.26604225,-0.64838239
0.22000000,-1.03447568,-0.26921568,-0.62098595
0.22500000,-1.03582941,-0.27225211,-0.59358951
0.23000000,-1.03719797,-0.27515157,-0.56619308
0.23500000,-1.03858069,-0.27791404,-0.53879664
0.24000000,-1.03997688,-0.28053954,-0.51140020
0.24500000,-1.04138586,-0.28302805,-0.48400376
0.25000000,-1.04280694,-0.28537957,-0.45660732
0.25500000,-1.04423943,-0.28759412,-0.42921088
0.26000000,-1.04568265,-0.28967168,-0.40181444
0.26500000,-1.04713592,-0.29161226,-0.37441800
0.27000000,-1.04859854,-0.29341586,-0.34702156
0.27500000,-1.05006985,-0.29508248,-0.31962512
0.28000000,-1.05154914,-0.29661211,-0.29222868
0.28500000,-1.05303574,-0.29800477,-0.26483224
0.29000000,-1.05452896,-0.29926044,-0.23743581
0.29500000,-1.05602812,-0.30037912,-0.21003937
0.30000000,-1.05753252,-0.30136083,-0.18264293
0.30500000,-1.05904150,-0.30220555,-0.15524649
0.31000000,-1.06055435,-0.30291330,-0.12785005
0.31500000,-1.06207040,-0.30348405,-0.10045361
0.32000000,-1.06358896,-0.30391783,-0.07305717
0.32500000,-1.06510935,-0.30421463,-0.04566073
0.33000000,-1.06663088,-0.30437444,-0.01826429
0.33500000,-1.06815287,-0.30439727,0.00913215
0.34000000,-1.06967462,-0.30428312,0.03652859
0.34500000,-1.07119547,-0.30403198,0.06392502
0.35000000,-1.07271472,-0.30364387,0.09132146
0.35500000,-1.07423168,-0.30311877,0.11871790
0.36000000,-1.07574567,-0.30245669,0.14611434
0.36500000,-1.07725602,-0.30165763,0.17351078
0.37000000,-1.07876202,-0.30072158,0.20090722
0.37500000,-1.08026301,-0.29964855,0.22830366
0.38000000,-1.08175828,-0.29843854,0.25570010
0.38500000,-1.08324716,-0.29709155,0.28309654
0.39000000,-1.08472897,-0.29560758,0.31049298
0.39500000,-1.08620301,-0.29398662,0.33788942
0.40000000,-1.08766861,-0.29222868,0.36528586
0.40500000,-1.08912507,-0.29033376,0.39268229
0.41000000,-1.09057171,-0.28830186,0.42007873
0.41500000,-1.09200786,-0.28613298,0.44747517
0.42000000,-1.09343282,-0.28382711,0.47487161
0.42500000,-1.09484590,-0.28138426,0.50226805
0.43000000,-1.09624643,-0.27880443,0.52966449
0.43500000,-1.09763372,-0.27608762,0.55706093
0.44000000,-1.09900708,-0.27323382,0.58445737
0.44500000,-1.10036583,-0.27024304,0.61185381
0.45000000,-1.10170928,-0.26711528,0.63925025
0.45500000,-1.10303675,-0.26385054,0.66664669
0.46000000,-1.10434756,-0.26044881,0.69404312
0.46500000,-1.10564101,-0.25691011,0.72143956
0.47000000,-1.10691643,-0.25323442,0.74883600
0.47500000,-1.10817313,-0.24942175,0.77623244
0.48000000,-1.10941042,-0.24547209,0.80362888
0.48500000,-1.11062762,-0.24138546,0.83102532
0.49000000,-1.11182405,-0.23716184,0.85842176
0.49500000,-1.11299901,-0.23280124,0.88581820
0.50000000,-1.11415183,-0.22830366,0.91321464
0.50500000,-1.11528182,-0.22366910,0.94061108
0.51000000,-1.11638829,-0.21889755,0.96800752
0.51500000,-1.11747057,-0.21398902,0.99540396
0.52000000,-1.11852795,-0.20894351,1.02280039
0.52500000,-1.11955977,-0.20376102,1.05019683
0.53000000,-1.12056534,-0.19844154,1.07759327
0.53500000,-1.12154396,-0.19298508,1.10498971
0.54000000,-1.12249496,-0.18739164,1.13238615
0.54500000,-1.12341765,-0.18166122,1.15978259
0.55000000,-1.12431134,-0.17579382,1.18717903
0.55500000,-1.12517536,-0.16978943,1.21457547
0.56000000,-1.12600901,-0.16364806,1.24197191
0.56500000,-1.12681161,-0.15736971,1.26936835
0.57000000,-1.12758248,-0.15095438,1.29676479
0.57500000,-1.12832093,-0.14440206,1.32416122
0.58000000,-1.12902627,-0.13771277,1.35155766
0.58500000,-1.12969782,-0.13088649,1.37895410
0.59000000,-1.13033491,-0.12392323,1.40635054
0.59500000,-1.13093683,-0.11682298,1.43374698
0.60000000,-1.13150291,-0.10958576,1.46114342
0.60500000,-1.13203246,-0.10221155,1.48853986
0.61000000,-1.13252480,-0.09470036,1.51593630
0.61500000,-1.13297923,-0.08705219,1.54333274
0.62000000,-1.13339509,-0.07926703,1.57072918
0.62500000,-1.13377168,-0.07134489,1.59812562
0.63000000,-1.13410831,-0.06328577,1.62552206
0.63500000,-1.13440430,-0.05508967,1.65291849
0.64000000,-1.13465898,-0.04675659,1.68031493
0.64500000,-1.13487164,-0.03828652,1.70771137
0.65000000,-1.13504161,-0.02967948,1.73510781
0.65500000,-1.13516821,-0.02093545,1.76250425
0.66000000,-1.13525074,-0.01205443,1.78990069
0.66500000,-1.13528852,-0.00303644,1.81729713
0.67000000,-1.13528088,0.00611854,1.84469357
0.67500000,-1.13522711,0.01541050,1.87209001
0.68000000,-1.13512654,0.02483944,1.89948645
0.68500000,-1.13497849,0.03440536,1.92688289
0.69000000,-1.13478226,0.04410827,1.95427933
0.69500000,-1.13453718,0.05394815,1.98167576
0.70000000,-1.13424255,0.06392502,2.00907220
0.70500000,-1.13389770,0.07403888,2.03646864
0.71000000,-1.13350193,0.08428971,2.06386508
0.71500000,-1.13305457,0.09467753,2.09126152
0.72000000,-1.13255493,0.10520233,2.11865796
0.72500000,-1.13200232,0.11586411,2.14605440
0.73000000,-1.13139606,0.12666287,2.17345084
0.73500000,-1.13073547,0.13759862,2.20084728
0.74000000,-1.13001985,0.14867134,2.22824372
0.74500000,-1.12924852,0.15988105,2.25564016
0.75000000,-1.12842081,0.17122774,2.28303659
0.75500000,-1.12753602,0.18271142,2.31043303
0.76000000,-1.12659347,0.19433207,2.33782947
0.76500000,-1.12559247,0.20608971,2.36522591
0.77000000,-1.12453234,0.21798433,2.39262235
0.77500000,-1.12341240,0.23001594,2.42001879
0.78000000,-1.12223195,0.24218452,2.44741523
0.78500000,-1.12099032,0.25449009,2.47481167
0.79000000,-1.11968682,0.26693264,2.50220811
0.79500000,-1.11832077,0.27951217,2.52960455
0.80000000,-1.11689147,0.29222868,2.55700099
0.80500000,-1.11539825,0.30508218,2.58439743
0.81000000,-1.11384042,0.31807266,2.61179386
0.81500000,-1.11221730,0.33120012,2.63919030
0.82000000,-1.11052819,0.34446456,2.66658674
0.82500000,-1.10877242,0.35786599,2.69398318
0.83000000,-1.10694931,0.37140439,2.72137962
0.83500000,-1.10505815,0.38507978,2.74877606
0.84000000,-1.10309828,0.39889215,2.77617250
0.84500000,-1.10106900,0.41284151,2.80356894
0.85000000,-1.09896964,0.42692784,2.83096538
0.85500000,-1.09679950,0.44115116,2.85836182
0.86000000,-1.09455790,0.45551146,2.88575826
0.86500000,-1.09224415,0.47000874,2.91315469
0.87000000,-1.08985758,0.48464301,2.94055113
0.87500000,-1.08739749,0.49941426,2.96794757
0.88000000,-1.08486321,0.51432248,2.99534401
0.88500000,-1.08225404,0.52936770,3.02274045
0.89000000,-1.07956930,0.54454989,3.05013689
0.89500000,-1.07680831,0.55986906,3.07753333
0.90000000,-1.07397039,0.57532522,3.10492977
0.90500000,-1.07105483,0.59091836,3.13232621
0.91000000,-1.06806097,0.60664848,3.15972265
0.91500000,-1.06498812,0.62251559,3.18711909
0.92000000,-1.06183559,0.63851967,3.21451553
0.92500000,-1.05860270,0.65466074,3.24191196
0.93000000,-1.05528875,0.67093879,3.26930840
0.93500000,-1.05189308,0.68735383,3.29670484
0.94000000,-1.04841499,0.70390584,3.32410128
0.94500000,-1.04485379,0.72059484,3.35149772
0.95000000,-1.04120881,0.73742082,3.37889416
0.95500000,-1.03747936,0.75438378,3.40629060
0.96000000,-1.03366474,0.77148373,3.43368704
0.96500000,-1.02976429,0.78872065,3.46108348
0.97000000,-1.02577731,0.80609456,3.48847992
0.97500000,-1.02170312,0.82360545,3.51587636
0.98000000,-1.01754103,0.84125332,3.54327280
0.98500000,-1.01329036,0.85903818,3.57066923
0.99000000,-1.00895042,0.87696002,3.59806567
0.99500000,-1.00452053,0.89501884,3.62546211
1.00000000,-1.00000000,0.91321464,60.52071217
1.00500000,-0.99467994,1.21430518,59.91550505
1.01000000,-0.98786199,1.51236969,59.31029793
1.01500000,-0.97956129,1.80740816,58.70509081
1.02000000,-0.96979295,2.09942060,58.09988369
1.02500000,-0.95857212,2.38840700,57.49467656
1.03000000,-0.94591393,2.67436736,56.88946944
1.03500000,-0.93183349,2.95730169,56.28426232
1.04000000,-0.91634595,3.23720999,55.67905520
1.04500000,-0.89946644,3.51409224,55.07384808
1.05000000,-0.88121007,3.78794847,54.46864096
1.05500000,-0.86159200,4.05877865,53.86343383
1.06000000,-0.84062733,4.32658280,53.25822671
1.06500000,-0.81833121,4.59136092,52.65301959
1.07000000,-0.79471877,4.85311300,52.04781247
1.07500000,-0.76980512,5.11183904,51.44260535
1.08000000,-0.74360542,5.36753905,50.83739822
1.08500000,-0.71613478,5.62021303,50.23219110
1.09000000,-0.68740833,5.86986096,49.62698398
1.09500000,-0.65744121,6.11648287,49.02177686
1.10000000,-0.62624855,6.36007873,48.41656974
1.10500000,-0.59384547,6.60064856,47.81136262
1.11000000,-0.56024710,6.83819236,47.20615549
1.11500000,-0.52546859,7.07271012,46.60094837
1.12000000,-0.48952505,7.30420184,45.99574125
1.12500000,-0.45243161,7.53266753,45.39053413
1.13000000,-0.41420341,7.75810718,44.78532701
1.13500000,-0.37485558,7.98052080,44.18011989
1.14000000,-0.33440325,8.19990838,43.57491276
1.14500000,-0.29286154,8.41626993,42.96970564
1.15000000,-0.25024559,8.62960544,42.36449852
1.15500000,-0.20657053,8.83991491,41.75929140
1.16000000,-0.16185149,9.04719835,41.15408428
1.16500000,-0.11610359,9.25145576,40.54887716
1.17000000,-0.06934197,9.45268713,39.94367003
1.17500000,-0.02158176,9.65089246,39.33846291
1.18000000,0.02716191,9.84607175,38.73325579
1.18500000,0.07687391,10.03822502,38.12804867
1.19000000,0.12753911,10.22735224,37.52284155
1.19500000,0.17914239,10.41345343,36.91763443
1.20000000,0.23166861,10.59652859,36.31242730
1.20500000,0.28510263,10.77657770,35.70722018
1.21000000,0.33942934,10.95360079,35.10201306
1.21500000,0.39463360,11.12759783,34.49680594
1.22000000,0.45070027,11.29856885,33.89159882
1.22500000,0.50761424,11.46651382,33.28639169
1.23000000,0.56536037,11.63143276,32.68118457
1.23500000,0.62392353,11.79332567,32.07597745
1.24000000,0.68328858,11.95219254,31.47077033
1.24500000,0.74344041,12.10803337,30.86556321
1.25000000,0.80436387,12.26084817,30.26035609
1.25500000,0.86604385,12.41063693,29.65514896
1.26000000,0.92846520,12.55739966,29.04994184
1.26500000,0.99161280,12.70113635,28.44473472
1.27000000,1.05547152,12.84184701,27.83952760
1.27500000,1.12002623,12.97953163,27.23432048
1.28000000,1.18526179,13.11419021,26.62911336
1.28500000,1.25116308,13.24582276,26.02390623
1.29000000,1.31771498,13.37442927,25.41869911
1.29500000,1.38490233,13.50000975,24.81349199
1.30000000,1.45271003,13.62256419,24.20828487
1.30500000,1.52112293,13.74209260,23.60307775
1.31000000,1.59012591,13.85859497,22.99787063
1.31500000,1.65970384,13.97207131,22.39266350
1.32000000,1.72984158,14.08252161,21.78745638
1.32500000,1.80052401,14.18994587,21.18224926
1.33000000,1.87173600,14.29434410,20.57704214
1.33500000,1.94346241,14.39571629,19.97183502
1.34000000,2.01568812,14.49406245,19.36662790
1.34500000,2.08839799,14.58938257,18.76142077
1.35000000,2.16157690,14.68167666,18.15621365
1.35500000,2.23520971,14.77094471,17.55100653
1.36000000,2.30928130,14.85718672,16.94579941
1.36500000,2.38377654,14.94040270,16.34059229
1.37000000,2.45868029,15.02059265,15.73538516
1.37500000,2.53397742,15.09775655,15.13017804
1.38000000,2.60965281,15.17189443,14.52497092
1.38500000,2.68569132,15.24300626,13.91976380
1.39000000,2.76207783,15.31109206,13.31455668
1.39500000,2.83879720,15.37615183,12.70934956
1.40000000,2.91583430,15.43818556,12.10414243
1.40500000,2.99317401,15.49719325,11.49893531
1.41000000,3.07080119,15.55317491,10.89372819
1.41500000,3.14870072,15.60613054,10.28852107
1.42000000,3.22685745,15.65606012,9.68331395
1.42500000,3.30525627,15.70296368,9.07810683
1.43000000,3.38388205,15.74684119,8.47289970
1.43500000,3.46271964,15.78769267,7.86769258
1.44000000,3.54175393,15.82551812,7.26248546
1.44500000,3.62096978,15.86031753,6.65727834
1.45000000,3.70035206,15.89209090,6.05207122
1.45500000,3.77988565,15.92083824,5.44686410
1.46000000,3.85955540,15.94655954,4.84165697
1.46500000,3.93934620,15.96925481,4.23644985
1.47000000,4.01924291,15.98892404,3.63124273
1.47500000,4.09923040,16.00556724,3.02603561
1.48000000,4.17929353,16.01918440,2.42082849
1.48500000,4.25941720,16.02977552,1.81562137
1.49000000,4.33958625,16.03734061,1.21041424
1.49500000,4.41978556,16.04187966,0.60520712
1.50000000,4.50000000,16.04339268,0.00000000
1.50500000,4.58021444,16.04187966,-0.60520712
1.51000000,4.66041375,16.03734061,-1.21041424
1.51500000,4.74058280,16.02977552,-1.81562137
1.52000000,4.82070647,16.01918440,-2.42082849
1.52500000,4.90076960,16.00556724,-3.02603561
1.53000000,4.98075709,15.98892404,-3.63124273
1.53500000,5.06065380,15.96925481,-4.23644985
1.54000000,5.14044460,15.94655954,-4.84165697
1.54500000,5.22011435,15.92083824,-5.44686410
1.55000000,5.29964794,15.89209090,-6.05207122
1.55500000,5.37903022,15.86031753,-6.65727834
1.56000000,5.45824607,15.82551812,-7.26248546
1.56500000,5.53728036,15.78769267,-7.86769258
1.57000000,5.61611795,15.74684119,-8.47289970
1.57500000,5.69474373,15.70296368,-9.07810683
1.58000000,5.77314255,15.65606012,-9.68331395
1.58500000,5.85129928,15.60613054,-10.28852107
1.59000000,5.92919881,15.55317491,-10.89372819
1.59500000,6.00682599,15.49719325,-11.49893531
1.60000000,6.08416570,15.43818556,-12.10414243
1.60500000,6.16120280,15.37615183,-12.70934956
1.61000000,6.23792217,15.31109206,-13.31455668
1.61500000,6.31430868,15.24300626,-13.91976380
1.62000000,6.39034719,15.17189443,-14.52497092
1.62500000,6.46602258,15.09775655,-15.13017804
1.63000000,6.54131971,15.02059265,-15.73538516
1.63500000,6.61622346,14.94040270,-16.34059229
1.64000000,6.69071870,14.85718672,-16.94579941
1.64500000,6.76479029,14.77094471,-17.55100653
1.65000000,6.83842310,14.68167666,-18.15621365
1.65500000,6.91160201,14.58938257,-18.76142077
1.66000000,6.98431188,14.49406245,-19.36662790
1.66500000,7.05653759,14.39571629,-19.97183502
1.67000000,7.12826400,14.29434410,-20.57704214
1.67500000,7.19947599,14.18994587,-21.18224926
1.68000000,7.27015842,14.08252161,-21.78745638
1.68500000,7.34029616,13.97207131,-22.39266350
1.69000000,7.40987409,13.85859497,-22.99787063
1.69500000,7.47887707,13.74209260,-23.60307775
1.70000000,7.54728997,13.62256419,-24.20828487
1.70500000,7.61509767,13.50000975,-24.81349199
1.71000000,7.68228502,13.37442927,-25.41869911
1.71500000,7.74883692,13.24582276,-26.02390623
1.72000000,7.81473821,13.11419021,-26.62911336
1.72500000,7.87997377,12.97953163,-27.23432048
1.73000000,7.94452848,12.84184701,-27.83952760
1.73500000,8.00838720,12.70113635,-28.44473472
1.74000000,8.07153480,12.55739966,-29.04994184
1.74500000,8.13395615,12.41063693,-29.65514896
1.75000000,8.19563613,12.26084817,-30.26035609
1.75500000,8.25655959,12.10803337,-30.86556321
1.76000000,8.31671142,11.95219254,-31.47077033
1.76500000,8.37607647,11.79332567,-32.07597745
1.77000000,8.43463963,11.63143276,-32.68118457
1.77500000,8.49238576,11.46651382,-33.28639169
1.78000000,8.54929973,11.29856885,-33.89159882
1.78500000,8.60536640,11.12759783,-34.49680594
1.79000000,8.66057066,10.95360079,-35.10201306
1.79500000,8.71489737,10.77657770,-35.70722018
1.80000000,8.76833139,10.59652859,-36.31242730
1.80500000,8.82085761,10.41345343,-36.91763443
1.81000000,8.87246089,10.22735224,-37.52284155
1.81500000,8.92312609,10.03822502,-38.12804867
1.82000000,8.97283809,9.84607175,-38.73325579
1.82500000,9.02158176,9.65089246,-39.33846291
1.83000000,9.06934197,9.45268713,-39.94367003
1.83500000,9.11610359,9.25145576,-40.54887716
1.84000000,9.16185149,9.04719835,-41.15408428
1.84500000,9.20657053,8.83991491,-41.75929140
1.85000000,9.25024559,8.62960544,-42.36449852
1.85500000,9.29286154,8.41626993,-42.96970564
1.86000000,9.33440325,8.19990838,-43.57491276
1.86500000,9.37485558,7.98052080,-44.18011989
1.87000000,9.41420341,7.75810718,-44.78532701
1.87500000,9.45243161,7.53266753,-45.39053413
1.88000000,9.48952505,7.30420184,-45.99574125
1.88500000,9.52546859,7.07271012,-46.60094837
1.89000000,9.56024710,6.83819236,-47.20615549
1.89500000,9.59384547,6.60064856,-47.81136262
1.90000000,9.62624855,6.36007873,-48.41656974
1.90500000,9.65744121,6.11648287,-49.02177686
1.91000000,9.68740833,5.86986096,-49.62698398
1.91500000,9.71613478,5.62021303,-50.23219110
1.92000000,9.74360542,5.36753905,-50.83739822
1.92500000,9.76980512,5.11183904,-51.44260535
1.93000000,9.79471877,4.85311300,-52.04781247
1.93500000,9.81833121,4.59136092,-52.65301959
1.94000000,9.84062733,4.32658280,-53.25822671
1.94500000,9.86159200,4.05877865,-53.86343383
1.95000000,9.88121007,3.78794847,-54.46864096
1.95500000,9.89946644,3.51409224,-55.07384808
1.96000000,9.91634595,3.23720999,-55.67905520
1.96500000,9.93183349,2.95730169,-56.28426232
1.97000000,9.94591393,2.67436736,-56.88946944
1.97500000,9.95857212,2.38840700,-57.49467656
1.98000000,9.96979295,2.09942060,-58.09988369
1.98500000,9.97956129,1.80740816,-58.70509081
1.99000000,9.98786199,1.51236969,-59.31029793
1.99500000,9.99467994,1.21430518,-59.91550505
2.00000000,10.00000000,0.91321464,-60.52071217
2.00000000,10.00000000,0.91321464,0.00000000
